Slew_rate(V/us),IRB_mA,Av2,Av,Is_mA,IC_2E_mA
1.1984859890296367,2.0,16.67,6,1.0,0.5
1.559797761667693,2.0,12.5,8,1.0,0.5
